1609482600,17.1,60.7,0
1609486200,18,61.8,0
1609489800,19,61,0
1609493400,19.9,61.6,0
1609497000,21,63,0
1609500600,21,61.9,0
1609504200,21.9,53.8,1
1609507800,23,55.2,1
1609511400,24.1,53.6,1
1609515000,26.1,57,1
1609518600,28,57.1,1
1609522200,28.9,55.3,1
1609525800,30.9,55.5,1
1609529400,32,55.5,1
1609533000,33.1,55.2,1
1609536600,33.1,53.4,1
1609540200,33.1,54,1
1609543800,33.1,55.7,1
1609547400,33.1,54.7,1
1609551000,32,55.4,1
1609554600,30,66,0
1609558200,28.9,61.1,0
1609561800,28,63,0
1609565400,25,61.9,0
1609569000,24.1,62.5,0
1609572600,24.1,62.4,0
1609576200,21.9,62.7,0
1609579800,21,60.1,0
1609583400,23,60.8,0
1609587000,25,62.9,0
1609590600,25,54,1
1609594200,26.1,56.3,1
1609597800,28,55.6,1
1609601400,28.9,54.4,1
1609605000,30,54.8,1
1609608600,32,54.5,1
1609612200,35.1,56,1
1609615800,35.1,55.7,1
1609619400,35.1,55.8,1
1609623000,35.1,55.7,1
1609626600,35.1,53.9,1
1609630200,36,53.2,1
1609633800,35.1,55.4,1
1609637400,35.1,53.8,1
1609641000,28.9,62.1,0
1609644600,28,63.3,0
1609648200,23,61.9,0
1609651800,19,61.4,0
1609655400,17.1,61.3,0
1609659000,15.1,59.9,0
1609662600,12.9,58,0
1609666200,12,59.4,0
1609669800,10.9,58.4,0
1609673400,10.9,60,0
1609677000,10,54.9,1
1609680600,9,55,1
1609684200,10,54.7,1
1609687800,10.9,54.1,1
1609691400,12.9,57.3,1
1609695000,14,55.6,1
1609698600,17.1,54.3,1
1609702200,18,55,1
1609705800,18,56.2,1
1609709400,17.1,56.7,1
1609713000,15.1,55.4,1
1609716600,15.1,53.1,1
1609720200,14,56.4,1
1609723800,12.9,55.5,1
1609727400,12,61.1,0
1609731000,12,58,0
1609734600,10.9,59.1,0
1609738200,10,61.1,0
1609741800,9,61,0
1609745400,9,59.1,0
1609749000,8.1,59.3,0
1609752600,7,58.7,0
1609756200,5,57.7,0
1609759800,3.9,58.3,0
1609763400,3.9,55.4,1
1609767000,3,56,1
1609770600,3.9,55.2,1
1609774200,5,54.6,1
1609777800,6.1,55,1
1609781400,7,54.5,1
1609785000,7,54.6,1
1609788600,8.1,55.3,1
1609792200,8.1,56.3,1
1609795800,8.1,55.2,1
1609799400,8.1,54.5,1
1609803000,8.1,54.9,1
1609806600,7,54.5,1
1609810200,6.1,54.6,1
1609813800,5,57.6,0
1609817400,5,57.4,0
1609821000,5,58.1,0
1609824600,3.9,58.3,0
1609828200,3.9,56.5,0
1609831800,1.9,57.9,0
1609835400,-0.9,58,0
1609839000,-4,56.8,0
1609842600,-4,56.8,0
1609846200,-5.1,57.4,0
1609849800,-5.1,54.9,1
1609853400,-6,54.3,1
1609857000,-5.1,56.7,1
1609860600,-2.9,54.8,1
1609864200,-2.9,56.8,1
1609867800,-2,57.2,1
1609871400,-2,54,1
1609875000,-2,54.7,1
1609878600,-2,55.4,1
1609882200,-2.9,55.7,1
1609885800,-4,56.2,1
1609889400,-4,54.6,1
1609893000,-4,54.4,1
1609896600,-4,56.3,1
1609900200,-4,57.1,0
1609903800,-4,54.6,0
1609907400,-4,56.6,0
1609911000,-2.9,57.2,0
1609914600,-2.9,55.8,0
1609918200,-2,56.2,0
1609921800,-0.9,55.6,0
1609925400,0,59.3,0
1609929000,0,58,0
1609932600,0,57.4,0
1609936200,1,54.4,1
1609939800,1.9,54.9,1
1609943400,3,56.2,1
1609947000,5,54.3,1
1609950600,7,54.5,1
1609954200,8.1,54.7,1
1609957800,10,56,1
1609961400,10,52.6,1
1609965000,10.9,53.8,1
1609968600,10.9,54.4,1
1609972200,10,55.3,1
1609975800,10,54.5,1
1609979400,10,53.9,1
1609983000,10,55,1
1609986600,9,59.8,0
1609990200,8.1,59.1,0
1609993800,8.1,58.5,0
1609997400,8.1,59.2,0
1610001000,7,58.4,0
1610004600,7,59.7,0
1610008200,6.1,58.6,0
1610011800,6.1,59.4,0
1610015400,6.1,60,0
1610019000,6.1,59.7,0
1610022600,6.1,54.9,1
1610026200,5,54.4,1
1610029800,7,54.7,1
1610033400,9,55,1
1610037000,10.9,55.8,1
1610040600,14,55.1,1
1610044200,16,55.6,1
1610047800,18,53.3,1
1610051400,19,54.1,1
1610055000,19,53.8,1
1610058600,17.1,55.4,1
1610062200,17.1,54.8,1
1610065800,16,56.3,1
1610069400,17.1,56.2,1
1610073000,16,60.8,0
1610076600,16,61.3,0
1610080200,14,60.3,0
1610083800,12.9,60.7,0
1610087400,12.9,60,0
1610091000,10.9,60,0
1610094600,10.9,58.9,0
1610098200,10,61.3,0
1610101800,10.9,60.7,0
1610105400,10.9,60.5,0
1610109000,12,54.8,1
1610112600,12.9,54.2,1
1610116200,12.9,53.7,1
1610119800,15.1,56.4,1
1610123400,16,55.2,1
1610127000,17.1,54.1,1
1610130600,19,53.4,1
1610134200,19,55.6,1
1610137800,19,55.4,1
1610141400,19.9,53,1
1610145000,18,55.5,1
1610148600,17.1,54.2,1
1610152200,16,54.2,1
1610155800,16,57.3,1
1610159400,15.1,59.1,0
1610163000,14,60.8,0
1610166600,14,59.9,0
1610170200,15.1,61.7,0
1610173800,15.1,60.4,0
1610177400,15.1,62,0
1610181000,15.1,60.1,0
1610184600,15.1,59.6,0
1610188200,16,61.8,0
1610191800,15.1,62.2,0
1610195400,15.1,55.4,1
1610199000,15.1,54.7,1
1610202600,15.1,54.5,1
1610206200,16,53.9,1
1610209800,17.1,55,1
1610213400,19,53.1,1
1610217000,19,55.6,1
1610220600,21,55.9,1
1610224200,21,55.2,1
1610227800,21,55.5,1
1610231400,21,53.1,1
1610235000,19.9,55.1,1
1610238600,19.9,53.5,1
1610242200,19,53.5,1
1610245800,19.9,61.1,0
1610249400,19.9,62.2,0
1610253000,19.9,60.5,0
1610256600,19.9,62.9,0
1610260200,19.9,61.7,0
1610263800,19.9,60.8,0
1610267400,19.9,61,0
1610271000,19.9,60.1,0
1610274600,21,60.4,0
1610278200,21,61.2,0
1610281800,21.9,53.6,1
1610285400,21.9,56.2,1
1610289000,23,55.3,1
1610292600,23,55.2,1
1610296200,24.1,56.2,1
1610299800,25,55.9,1
1610303400,26.1,55.1,1
1610307000,27,55.3,1
1610310600,27,54.7,1
1610314200,28,54.1,1
1610317800,28,54.2,1
1610321400,27,55.6,1
1610325000,27,56.8,1
1610328600,26.1,56,1
1610332200,26.1,62.2,0
1610335800,26.1,63.4,0
1610339400,26.1,62.2,0
1610343000,25,62.1,0
1610346600,25,64.8,0
1610350200,25,62.9,0
1610353800,25,61.7,0
1610357400,25,63.5,0
1610361000,24.1,62.8,0
1610364600,24.1,61.4,0
1610368200,23,54.6,1
1610371800,23,52.7,1
1610375400,23,55.7,1
1610379000,24.1,55.3,1
1610382600,27,55.1,1
1610386200,30.9,54.4,1
1610389800,32,54.9,1
1610393400,33.1,55.1,1
1610397000,34,55.7,1
1610400600,35.1,56.7,1
1610404200,35.1,55.7,1
1610407800,34,55.6,1
1610411400,32,54.1,1
1610415000,30,53.5,1
1610418600,28,62,0
1610422200,28,62.7,0
1610425800,27,62,0
1610429400,27,63.6,0
1610433000,26.1,63.4,0
1610436600,24.1,64.6,0
1610440200,21.9,62.9,0
1610443800,21,62.2,0
1610447400,19.9,61.2,0
1610451000,19,61.6,0
1610454600,17.1,55.5,1
1610458200,17.1,54.7,1
1610461800,18,54.2,1
1610465400,21,55.1,1
1610469000,25,56.5,1
1610472600,27,54.7,1
1610476200,30,53.6,1
1610479800,30.9,54.6,1
1610483400,32,54,1
1610487000,32,53,1
1610490600,30.9,55.2,1
1610494200,30.9,54.7,1
1610497800,30,53.2,1
1610501400,30.9,53.3,1
1610505000,30.9,65.1,0
1610508600,30,63,0
1610512200,30,61.8,0
1610515800,30,61.4,0
1610519400,28.9,64.4,0
1610523000,30,63.9,0
1610526600,28,63.4,0
1610530200,23,60.6,0
1610533800,19.9,61.1,0
1610537400,18,60.9,0
1610541000,17.1,55.5,1
1610544600,15.1,54.1,1
1610548200,15.1,53.5,1
1610551800,16,54.3,1
1610555400,16,52,1
1610559000,18,56.2,1
1610562600,19,53.3,1
1610566200,21,54.7,1
1610569800,21,55.3,1
1610573400,21.9,55.5,1
1610577000,21,56.2,1
1610580600,19.9,56,1
1610584200,19.9,54.9,1
1610587800,19,54.8,1
1610591400,19,62.6,0
1610595000,19.9,62.1,0
1610598600,19.9,61.8,0
1610602200,21.9,61.5,0
1610605800,24.1,61.5,0
1610609400,24.1,62.3,0
1610613000,27,64.1,0
1610616600,30,63.6,0
1610620200,32,63.3,0
1610623800,33.1,65,0
1610627400,34,54.6,1
1610631000,28.9,57.1,1
1610634600,23,55.7,1
1610638200,21,54,1
1610641800,21,55.4,1
1610645400,23,55.2,1
1610649000,24.1,56.2,1
1610652600,24.1,55.4,1
1610656200,24.1,56.3,1
1610659800,24.1,55.4,1
1610663400,21,56.6,1
1610667000,19,53.2,1
1610670600,18,54,1
1610674200,18,54.4,1
1610677800,17.1,62,0
1610681400,15.1,59.4,0
1610685000,14,60.6,0
1610688600,14,59.3,0
1610692200,12.9,61.5,0
1610695800,12.9,60.2,0
1610699400,12,59.9,0
1610703000,12,58.7,0
1610706600,10.9,60.4,0
1610710200,10.9,59.4,0
1610713800,10.9,55.1,1
1610717400,12.9,52.9,1
1610721000,14,54.7,1
1610724600,16,54.6,1
1610728200,18,54.4,1
1610731800,19.9,54.2,1
1610735400,21.9,52.8,1
1610739000,24.1,54,1
1610742600,26.1,55.5,1
1610746200,28,53.6,1
1610749800,27,57.3,1
1610753400,24.1,55.3,1
1610757000,24.1,58.7,1
1610760600,24.1,56.2,1
1610764200,24.1,62.6,0
1610767800,24.1,61.9,0
1610771400,23,62.6,0
1610775000,23,63.3,0
1610778600,23,61.1,0
1610782200,23,62.2,0
1610785800,21.9,61.6,0
1610789400,21.9,63,0
1610793000,21,60.4,0
1610796600,19.9,61.5,0
1610800200,19,53.4,1
1610803800,19,55.2,1
1610807400,19,54.3,1
1610811000,21,56,1
1610814600,24.1,55.8,1
1610818200,26.1,54.2,1
1610821800,27,55.6,1
1610825400,28.9,55.5,1
1610829000,28,55.2,1
1610832600,28,53.3,1
1610836200,28,55.3,1
1610839800,28,52.8,1
1610843400,28,56.3,1
1610847000,27,55.3,1
1610850600,27,62.5,0
1610854200,27,62.8,0
1610857800,27,63.4,0
1610861400,27,62.9,0
1610865000,27,63.1,0
1610868600,27,63.7,0
1610872200,28,63.2,0
1610875800,28,65.6,0
1610879400,28,65.2,0
1610883000,28.9,65,0
1610886600,28.9,54.5,1
1610890200,28.9,54.9,1
1610893800,27,54.2,1
1610897400,28,54.4,1
1610901000,30,55.2,1
1610904600,30.9,54.7,1
1610908200,32,55.5,1
1610911800,33.1,54.6,1
1610915400,33.1,55.4,1
1610919000,30.9,53.6,1
1610922600,28,53.8,1
1610926200,23,54.7,1
1610929800,21,55.9,1
1610933400,19.9,56.3,1
1610937000,14,59.9,0
1610940600,10.9,57.9,0
1610944200,7,59.5,0
1610947800,5,57.7,0
1610951400,3,58.4,0
1610955000,1.9,57.1,0
1610958600,0,56.9,0
1610962200,-2,55.1,0
1610965800,-2.9,56.2,0
1610969400,-4,57,0
1610973000,-5.1,55.5,1
1610976600,-6,55.2,1
1610980200,-6,55.6,1
1610983800,-4,55,1
1610987400,-2.9,54.3,1
1610991000,-0.9,54.8,1
1610994600,1,54.7,1
1610998200,1.9,53.7,1
1611001800,3,54.2,1
1611005400,1.9,53.8,1
1611009000,1,56.8,1
1611012600,1,53.7,1
1611016200,0,54.6,1
1611019800,0,54.6,1
1611023400,-0.9,56.9,0
1611027000,-2,57.4,0
1611030600,-2,55.2,0
1611034200,-2.9,55.7,0
1611037800,-4,59.8,0
1611041400,-4,58,0
1611045000,-5.1,56.3,0
1611048600,-5.1,55.6,0
1611052200,-5.1,55.7,0
1611055800,-5.1,56.3,0
1611059400,-4,56,1
1611063000,-4,56.6,1
1611066600,-2.9,54.8,1
1611070200,-0.9,54.4,1
1611073800,1,53,1
1611077400,1.9,55.2,1
1611081000,3.9,54.6,1
1611084600,5,54.5,1
1611088200,8.1,55.9,1
1611091800,9,54.8,1
1611095400,8.1,54.6,1
1611099000,7,54.9,1
1611102600,7,54.8,1
1611106200,8.1,56.2,1
1611109800,8.1,58.7,0
1611113400,9,60,0
1611117000,8.1,60.9,0
1611120600,8.1,60.5,0
1611124200,8.1,59.1,0
1611127800,7,59.3,0
1611131400,7,59.6,0
1611135000,7,59.3,0
1611138600,7,60.1,0
1611142200,7,58.1,0
1611145800,6.1,54.7,1
1611149400,7,54,1
1611153000,8.1,53.1,1
1611156600,9,56,1
1611160200,10.4,54.4,1
1611163800,12.9,54.7,1
1611167400,15.1,54.6,1
1611171000,16,55.2,1
1611174600,17.1,53.9,1
1611178200,17.1,54.6,1
1611181800,17.1,55.4,1
1611185400,17.1,54.2,1
1611189000,18,54.8,1
1611192600,18,55.4,1
1611196200,19,61.3,0
1611199800,19,62.3,0
1611203400,19,61.6,0
1611207000,19,62.6,0
1611210600,19.9,62.8,0
1611214200,19.9,61.3,0
1611217800,21,62.7,0
1611221400,21.9,62.3,0
1611225000,23,62.1,0
1611228600,23,62.3,0
1611232200,25,55.4,1
1611235800,26.1,53,1
1611239400,27,54.8,1
1611243000,28.9,53.1,1
1611246600,30,54.1,1
1611250200,28,55.7,1
1611253800,21.9,54.7,1
1611257400,19,56.3,1
1611261000,16,53.8,1
1611264600,12.9,55,1
1611268200,8.1,56,1
1611271800,5,55.4,1
1611275400,1.9,54.4,1
1611279000,0,54.9,1
1611282600,-2.9,56.6,0
1611286200,-5.1,55.7,0
1611289800,-7.1,58.3,0
1611293400,-8,56.1,0
1611297000,-9,58,0
1611300600,-9,56.3,0
1611304200,-9,57,0
1611307800,-9.9,55.9,0
1611311400,-9.9,56.1,0
1611315000,-9.9,54.8,0
1611318600,-9.9,54.6,1
1611322200,-9.9,55.1,1
1611325800,-9,56.3,1
1611329400,-7.1,55.3,1
1611333000,-5.1,54,1
1611336600,-2.9,53.4,1
1611340200,-0.9,54.9,1
1611343800,1,55.2,1
1611347400,1.9,55.6,1
1611351000,3,55.5,1
1611354600,3,53.9,1
1611358200,3,54.3,1
1611361800,3.9,54.1,1
1611365400,3.9,55.4,1
1611369000,5,58.4,0
1611372600,5,56.9,0
1611376200,5,59.7,0
1611379800,5,59.5,0
1611383400,5,59.3,0
1611387000,5,59.1,0
1611390600,6.1,59.2,0
1611394200,6.1,59.7,0
1611397800,7,57.7,0
1611401400,7,56.9,0
1611405000,8.1,54.5,1
1611408600,8.1,53.9,1
1611412200,9,55.2,1
1611415800,9,55.4,1
1611419400,10.9,55.8,1
1611423000,10,55,1
1611426600,10,53.6,1
1611430200,10,53.9,1
1611433800,10,55.6,1
1611437400,12,55.5,1
1611441000,10.9,54.8,1
1611444600,10,54.4,1
1611448200,10,56.2,1
1611451800,10,55.1,1
1611455400,10,58.4,0
1611459000,10,60.8,0
1611462600,10,59.1,0
1611466200,10,58.6,0
1611469800,10,60.7,0
1611473400,7,59.5,0
1611477000,5,59.6,0
1611480600,3,56.7,0
1611484200,3,57.2,0
1611487800,3,58,0
1611491400,1,55.9,1
1611495000,1.9,55.6,1
1611498600,1.9,55.5,1
1611502200,5,54.8,1
1611505800,7,55.4,1
1611509400,10.9,55.1,1
1611513000,12.9,54.3,1
1611516600,12.9,54.4,1
1611520200,14,55,1
1611523800,14,55.5,1
1611527400,12.9,53.5,1
1611531000,12,55.5,1
1611534600,12.9,54.3,1
1611538200,12.9,56.1,1
1611541800,12,58.8,0
1611545400,12,60.8,0
1611549000,12,60.3,0
1611552600,12,58.8,0
1611556200,12,58.7,0
1611559800,12,60.6,0
1611563400,12,61.4,0
1611567000,12,60,0
1611570600,12,59.5,0
1611574200,12,59,0
1611577800,10.9,54.9,1
1611581400,12,53.7,1
1611585000,12,58.3,1
1611588600,12,54.4,1
1611592200,14,52.6,1
1611595800,15.1,56.3,1
1611599400,16,55.5,1
1611603000,17.1,56.1,1
1611606600,17.1,56.9,1
1611610200,18,55.6,1
1611613800,17.1,54.8,1
1611617400,18,55.4,1
1611621000,17.1,53.7,1
1611624600,17.1,55.7,1
1611628200,18,61.4,0
1611631800,18,61.9,0
1611635400,17.1,61.3,0
1611639000,17.1,62.5,0
1611642600,17.1,61.5,0
1611646200,16,62,0
1611649800,16,61.9,0
1611653400,16,59.9,0
1611657000,16,61.2,0
1611660600,16,61.8,0
1611664200,16,54.2,1
1611667800,17.1,55.3,1
1611671400,17.1,54.5,1
1611675000,18,54.9,1
1611678600,18,55.5,1
1611682200,19.9,54.2,1
1611685800,19.9,54,1
1611689400,19.9,54.5,1
1611693000,19.9,54,1
1611696600,19.9,56.5,1
1611700200,19,54.4,1
1611703800,18,57.4,1
1611707400,18,55.4,1
1611711000,18,55.8,1
1611714600,17.1,61.2,0
1611718200,17.1,61,0
1611721800,17.1,62,0
1611725400,16,60.2,0
1611729000,15.1,60.4,0
1611732600,15.1,58.5,0
1611736200,12,59.2,0
1611739800,8.1,61.3,0
1611743400,6.1,59,0
1611747000,3.9,56.4,0
1611750600,1.9,53.9,1
1611754200,0,54.6,1
1611757800,1,56.3,1
1611761400,3,56.5,1
1611765000,5,54.3,1
1611768600,6.1,54.2,1
1611772200,7,54.3,1
1611775800,9,53.9,1
1611779400,10.9,55.8,1
1611783000,10.9,54.8,1
1611786600,9,57.5,1
1611790200,3.9,53.8,1
1611793800,3,55.9,1
1611797400,0,54.1,1
1611801000,-0.9,56.4,0
1611804600,-0.9,57.5,0
1611808200,0,55.3,0
1611811800,-0.9,57.3,0
1611815400,1,54.9,0
1611819000,1.9,57.7,0
1611822600,0,57.3,0
1611826200,-2,57,0
1611829800,-4,56.2,0
1611833400,-5.1,55.8,0
1611837000,-6,53.8,1
1611840600,-7.1,54.5,1
1611844200,-9.9,54.1,1
1611847800,-11,53.7,1
1611851400,-9.9,57.2,1
1611855000,-9.9,55.9,1
1611858600,-8,55.9,1
1611862200,-8,54.2,1
1611865800,-7.1,54.1,1
1611869400,-7.1,55.2,1
1611873000,-9,54.9,1
1611876600,-11,54.5,1
1611880200,-11.9,54.3,1
1611883800,-13,54.8,1
1611887400,-14.1,55.5,0
1611891000,-15,54,0
1611894600,-16.1,54.1,0
1611898200,-16.1,53.5,0
1611901800,-15,55,0
1611905400,-15,53.7,0
1611909000,-15,55.4,0
1611912600,-15,54.4,0
1611916200,-16.1,54.2,0
1611919800,-16.1,55.4,0
1611923400,-16.1,55.6,1
1611927000,-16.1,56,1
1611930600,-15,52.5,1
1611934200,-15,54.2,1
1611937800,-14.1,53.9,1
1611941400,-11.9,56.8,1
1611945000,-9.9,55.5,1
1611948600,-9,54.6,1
1611952200,-8,55.6,1
1611955800,-9,55.4,1
1611959400,-9,54.8,1
1611963000,-9.9,56.1,1
1611966600,-11,54.7,1
1611970200,-11.9,54.6,1
1611973800,-13,53.8,0
1611977400,-14.1,55.7,0
1611981000,-14.1,55.7,0
1611984600,-15,55.8,0
1611988200,-16.1,55.3,0
1611991800,-16.1,54.5,0
1611995400,-18,55.7,0
1611999000,-18.9,54.8,0
1612002600,-20.9,54.5,0
1612006200,-22,55.2,0
1612009800,-23.1,51.8,1
1612013400,-24,52.6,1
1612017000,-22,52.7,1
1612020600,-18.9,54.6,1
1612024200,-15,56.3,1
1612027800,-11.9,55.5,1
1612031400,-9,55.1,1
1612035000,-7.1,54.7,1
1612038600,-6,53.4,1
1612042200,-4,54.8,1
1612045800,-5.1,55,1
1612049400,-9,55.5,1
1612053000,-9,55.9,1
1612056600,-9,54.9,1
1612060200,-11,54.7,0
1612063800,-13,55.3,0
1612067400,-13,55.9,0
1612071000,-11.9,55.8,0
1612074600,-11.9,51.7,0
1612078200,-13,54.4,0
1612081800,-13,52.5,0
1612085400,-15,54.9,0
1612089000,-14.1,56.1,0
1612092600,-14.1,54,0
1612096200,-11.9,54.2,1
1612099800,-9.9,54.9,1
1612103400,-9,55.8,1
1612107000,-7.1,55.7,1
1612110600,-4,54.7,1
1612114200,-0.9,53.8,1
1612117800,1,55.3,1
1612121400,1.9,55.1,1
1612125000,1.9,54.2,1
1612128600,3,54.2,1
1612132200,3.9,54.4,1
1612135800,3.9,54.4,1
1612139400,6.1,55,1
1612143000,7,55.3,1
1612146600,7,59.6,0
1612150200,7.3,58.7,0
1612153800,7.5,58.8,0
1612157400,7.7,58.7,0
1612161000,7.7,57.7,0
1612164600,7.9,59.3,0
1612168200,8.1,59.8,0
1612171800,8.1,60,0
1612175400,8.1,59.3,0
1612179000,8.1,58.5,0
1612182600,8.1,56.2,1
1612186200,8.1,55.3,1
1612189800,10,55.4,1
1612193400,12.9,56.2,1
1612197000,16,55,1
1612200600,16,55.3,1
1612204200,18,53.6,1
1612207800,18,53.7,1
1612211400,18,54.5,1
1612215000,17.1,54.3,1
1612218600,14,54.8,1
1612222200,10.9,55,1
1612225800,8.1,55.5,1
1612229400,8.1,53.2,1
1612233000,5,59.9,0
1612236600,3.9,58.8,0
1612240200,6.1,58.8,0
1612243800,5,57.3,0
1612247400,6.1,57.4,0
1612251000,9,58.9,0
1612254600,12,59.7,0
1612258200,14,59.7,0
1612261800,19,61.5,0
1612265400,19.9,61.3,0
1612269000,21.9,55.4,1
1612272600,21.9,53.8,1
1612276200,24.1,52.8,1
1612279800,25,56.5,1
1612283400,26.1,55.1,1
1612287000,26.1,54.2,1
1612290600,27,56.9,1
1612294200,28,55.9,1
1612297800,28,56.1,1
1612301400,28,54.5,1
1612305000,28,54.9,1
1612308600,28,54,1
1612312200,26.1,54.2,1
1612315800,25,55.2,1
1612319400,25,63.3,0
1612323000,23,62.3,0
1612326600,21,60.6,0
1612330200,21,61.4,0
1612333800,19.9,61.7,0
1612337400,19,61.7,0
1612341000,18,58.6,0
1612344600,16,61,0
1612348200,16,62.1,0
1612351800,15.1,59.8,0
1612355400,15.1,56.5,1
1612359000,15.1,55.3,1
1612362600,16,56.8,1
1612366200,17.1,56.8,1
1612369800,21,55.9,1
1612373400,25,55.2,1
1612377000,28,54.8,1
1612380600,30,53.2,1
1612384200,30.9,55.2,1
1612387800,30.9,55.5,1
1612391400,30,54.4,1
1612395000,30,54.9,1
1612398600,30,55.5,1
1612402200,30,55.2,1
1612405800,28.9,64.4,0
1612409400,28.9,63.8,0
1612413000,28.9,62.9,0
1612416600,28,62.5,0
1612420200,28,62.6,0
1612423800,27,63,0
1612427400,26.1,62.1,0
1612431000,25,63,0
1612434600,25,61.8,0
1612438200,23,61.5,0
1612441800,19.9,54.8,1
1612445400,18,54.6,1
1612449000,17.1,56.7,1
1612452600,17.1,54.4,1
1612456200,17.1,54,1
1612459800,17.1,54.3,1
1612463400,17.1,53.8,1
1612467000,17.1,55.2,1
1612470600,16,54.6,1
1612474200,16,56.2,1
1612477800,15.1,55.9,1
1612481400,14,54.7,1
1612485000,12.9,54,1
1612488600,10,54,1
1612492200,7,58.6,0
1612495800,5,57.9,0
1612499400,3,58.1,0
1612503000,1,58.2,0
1612506600,0,57.4,0
1612510200,-0.9,56.8,0
1612513800,1,58,0
1612517400,0,58.4,0
1612521000,0,57.2,0
1612524600,0,56.9,0
1612528200,0,53.4,1
1612531800,0,56.1,1
1612535400,1,55.2,1
1612539000,1.9,56,1
1612542600,3.9,55,1
1612546200,5,54.7,1
1612549800,7,56.1,1
1612553400,8.1,54.3,1
1612557000,8.1,55.5,1
1612560600,7,54.5,1
1612564200,6.1,56.1,1
1612567800,3,55.8,1
1612571400,1,54.9,1
1612575000,0,55.5,1
1612578600,-0.9,57.7,0
1612582200,0,56.9,0
1612585800,0,58.1,0
1612589400,1,57.9,0
1612593000,-2,57.4,0
1612596600,-0.9,57.8,0
1612600200,-2.9,57.2,0
1612603800,-5.1,55.2,0
1612607400,-5.1,56.9,0
1612611000,-7.1,58.4,0
1612614600,-9,55,1
1612618200,-11,54.2,1
1612621800,-5.1,54.9,1
1612625400,-0.9,55.8,1
1612629000,1.9,54.7,1
1612632600,5,55,1
1612636200,7,55.2,1
1612639800,8.1,54.8,1
1612643400,9,56.9,1
1612647000,9,56,1
1612650600,8.1,56.4,1
1612654200,3.9,54.8,1
1612657800,6.1,53.6,1
1612661400,3,53.8,1
1612665000,1.9,57.5,0
1612668600,1.9,59.6,0
1612672200,-2,56.3,0
1612675800,-5.1,56.9,0
1612679400,-2.9,57.1,0
1612683000,-6,55.9,0
1612686600,-6,56.8,0
1612690200,-2,57.2,0
1612693800,-0.9,57.2,0
1612697400,-0.9,56.8,0
1612701000,1,55.5,1
1612704600,3,54.2,1
1612708200,3,54.4,1
1612711800,6.1,54.7,1
1612715400,10.9,54.8,1
1612719000,14,55,1
1612722600,16,56,1
1612726200,17.1,54.6,1
1612729800,17.1,53.9,1
1612733400,18,55.6,1
1612737000,17.1,55.6,1
1612740600,17.1,54,1
1612744200,16,55.3,1
1612747800,16,54.7,1
1612751400,16,60,0
1612755000,18,61.2,0
1612758600,19.9,61.1,0
1612762200,19,61.8,0
1612765800,19,62.2,0
1612769400,19,62,0
1612773000,17.1,60,0
1612776600,15.1,60.4,0
1612780200,14,61.9,0
1612783800,14,58.1,0
1612787400,14,55.2,1
1612791000,14,55.8,1
1612794600,15.1,55.5,1
1612798200,18,55,1
1612801800,21.9,55.5,1
1612805400,23,55.9,1
1612809000,25,56.1,1
1612812600,27,55.4,1
1612816200,28,54.9,1
1612819800,28,55.2,1
1612823400,28,54.8,1
1612827000,24.1,53.5,1
1612830600,24.1,56,1
1612834200,23,53.2,1
1612837800,27,64.9,0
1612841400,28.9,63,0
1612845000,32,64.4,0
1612848600,32,64.2,0
1612852200,33.1,62.7,0
1612855800,32,64.3,0
1612859400,30,63.4,0
1612863000,30.9,63.7,0
1612866600,28.9,63.4,0
1612870200,28.9,62.9,0
1612873800,25,53.9,1
1612877400,25,54.5,1
1612881000,30,55.3,1
1612884600,33.1,56.1,1
1612888200,35.1,56,1
1612891800,36,55.9,1
1612895400,39,54.6,1
1612899000,41,56.7,1
1612902600,42.1,55,1
1612906200,42.1,55.1,1
1612909800,39.9,55.2,1
1612913400,37.9,56.1,1
1612917000,37,54.8,1
1612920600,36,56,1
1612924200,33.1,62.3,0
1612927800,32,63.9,0
1612931400,32,63.9,0
1612935000,30,61.8,0
1612938600,28,64.5,0
1612942200,28,62.4,0
1612945800,28,62.1,0
1612949400,26.1,63.9,0
1612953000,25,62.4,0
1612956600,21,60.5,0
1612960200,21.9,53.9,1
1612963800,25,54.8,1
1612967400,30.9,54.3,1
1612971000,37,55.3,1
1612974600,41,55.7,1
1612978200,42.1,56.2,1
1612981800,44.1,54.5,1
1612985400,46,56.3,1
1612989000,46.9,54.8,1
1612992600,46,55.5,1
1612996200,45,56.6,1
1612999800,42.1,54.4,1
1613003400,39.9,55.8,1
1613007000,39.9,54,1
1613010600,39,64.2,0
1613014200,37.9,64.7,0
1613017800,37,65.8,0
1613021400,36,64.8,0
1613025000,34,62.3,0
1613028600,35.1,64.9,0
1613032200,34,63.9,0
1613035800,30.9,63.7,0
1613039400,30,63.8,0
1613043000,30.9,62.6,0
1613046600,27,54.8,1
1613050200,28.9,53.5,1
1613053800,33.1,54.8,1
1613057400,37.9,55.1,1
1613061000,41,55,1
1613064600,44.1,53.9,1
1613068200,48,56.4,1
1613071800,50,54.7,1
1613075400,48,55.7,1
1613079000,48.9,53.9,1
1613082600,46,53.9,1
1613086200,43,54.1,1
1613089800,41,55.4,1
1613093400,42.1,55.2,1
1613097000,41,64.5,0
1613100600,43,66.2,0
1613104200,42.1,66.6,0
1613107800,39.9,66,0
1613111400,37.9,64.6,0
1613115000,37.9,65.2,0
1613118600,37.9,66.2,0
1613122200,37.9,63.9,0
1613125800,37.9,65.6,0
1613129400,37,63.7,0
1613133000,37,56.6,1
1613136600,36,56.7,1
1613140200,35.1,56.4,1
1613143800,36,56.6,1
1613147400,35.1,56.4,1
1613151000,34,54.5,1
1613154600,33.1,56,1
1613158200,33.1,55.4,1
1613161800,33.1,54.5,1
1613165400,33.1,55.6,1
1613169000,35.1,53.4,1
1613172600,35.1,54,1
1613176200,35.1,55.9,1
1613179800,34,55.1,1
1613183400,34,64.6,0
1613187000,33.1,65.4,0
1613190600,33.1,64,0
1613194200,32,62.2,0
1613197800,30,62.2,0
1613201400,30,63.6,0
1613205000,30,62.9,0
1613208600,30,64.3,0
1613212200,30,64,0
1613215800,28.9,63.7,0
1613219400,27,54.8,1
1613223000,27,55.4,1
1613226600,27,56.6,1
1613230200,28.9,54.2,1
1613233800,30,54.3,1
1613237400,32,54.5,1
1613241000,33.1,54.4,1
1613244600,34,56.5,1
1613248200,35.1,54.3,1
1613251800,35.1,56.2,1
1613255400,34,54.6,1
1613259000,30,54.9,1
1613262600,28.9,53.9,1
1613266200,28.9,54.8,1
1613269800,28,63.8,0
1613273400,26.1,60.7,0
1613277000,25,62.3,0
1613280600,26.1,61.5,0
1613284200,25,62,0
1613287800,23,62.5,0
1613291400,21.9,62.3,0
1613295000,19.9,61.2,0
1613298600,19,61.8,0
1613302200,19,62.9,0
1613305800,18,55.9,1
1613309400,16,54.5,1
1613313000,16,54.2,1
1613316600,17.1,55,1
1613320200,19,54.9,1
1613323800,19,53.4,1
1613327400,21,53.9,1
1613331000,23,57.1,1
1613334600,23,56.2,1
1613338200,23,54.4,1
1613341800,21,54.7,1
1613345400,19,54.6,1
1613349000,18,55.7,1
1613352600,18,54.4,1
1613356200,16,61.4,0
1613359800,15.1,59.4,0
1613363400,15.1,61,0
1613367000,14,60,0
1613370600,12,60,0
1613374200,10.9,59.2,0
1613377800,9,57.1,0
1613381400,8.1,59.2,0
1613385000,7,57,0
1613388600,6.1,57.7,0
1613392200,5,57.2,1
1613395800,6.1,55.6,1
1613399400,9,53,1
1613403000,10.9,54.6,1
1613406600,14,55.8,1
1613410200,15.1,56.3,1
1613413800,17.1,54.5,1
1613417400,18,54.3,1
1613421000,19.9,54.5,1
1613424600,19,54.6,1
1613428200,19,54.1,1
1613431800,15.1,56.9,1
1613435400,15.1,54.7,1
1613439000,15.1,55.8,1
1613442600,15.1,61.2,0
1613446200,12,60.2,0
1613449800,12.9,61.4,0
1613453400,12,61.8,0
1613457000,7,59.3,0
1613460600,6.1,59,0
1613464200,5,58.3,0
1613467800,5,58.7,0
1613471400,3,59.6,0
1613475000,1.9,57.2,0
1613478600,3,55.1,1
1613482200,6.1,56,1
1613485800,10.9,56.3,1
1613489400,15.1,55,1
1613493000,18,55.1,1
1613496600,21,53.6,1
1613500200,24.1,54.4,1
1613503800,27,54.9,1
1613507400,28,54.6,1
1613511000,30,55.3,1
1613514600,28.9,53.9,1
1613518200,28.9,53,1
1613521800,28.9,53.9,1
1613525400,28.9,54.5,1
1613529000,28.9,63.3,0
1613532600,28,62,0
1613536200,27,62.4,0
1613539800,27,63.6,0
1613543400,27,64.1,0
1613547000,27,62.7,0
1613550600,27,61.5,0
1613554200,27,64,0
1613557800,27,63.1,0
1613561400,27,63.4,0
1613565000,27,54.3,1
1613568600,28,55.6,1
1613572200,28,55.5,1
1613575800,30,53.6,1
1613579400,33.1,54.9,1
1613583000,36,55.3,1
1613586600,39,53.6,1
1613590200,42.1,55.1,1
1613593800,42.1,54.8,1
1613597400,42.1,55.6,1
1613601000,39,55.5,1
1613604600,35.1,54.4,1
1613608200,34,56.1,1
1613611800,33.1,53.1,1
1613615400,30.9,65.1,0
1613619000,27,63.7,0
1613622600,26.1,61.4,0
1613626200,24.1,63.3,0
1613629800,21.9,63.3,0
1613633400,19.9,61.4,0
1613637000,19.9,62.4,0
1613640600,19,62.2,0
1613644200,18,61,0
1613647800,18,61.4,0
1613651400,17.1,55.9,1
1613655000,21,55.2,1
1613658600,23,55.1,1
1613662200,26.1,55.9,1
1613665800,28,54.7,1
1613669400,30,54.5,1
1613673000,33.1,52.5,1
1613676600,35.1,55.1,1
1613680200,32,54.6,1
1613683800,33.1,55.5,1
1613687400,32,56.5,1
1613691000,30,54.7,1
1613694600,28,56.5,1
1613698200,25,55,1
1613701800,25,62.3,0
1613705400,23,64.1,0
1613709000,21,60.4,0
1613712600,19,62,0
1613716200,17.1,61.8,0
1613719800,16,62.4,0
1613723400,15.1,60.4,0
1613727000,14,60.2,0
1613730600,12.9,60.9,0
1613734200,10.9,59.8,0
1613737800,9,54.5,1
1613741400,10.9,55.2,1
1613745000,14,56,1
1613748600,16,54.8,1
1613752200,17.1,54.3,1
1613755800,19.9,55.2,1
1613759400,23,55.6,1
1613763000,24.1,55.4,1
1613766600,25,54.3,1
1613770200,25,56.5,1
1613773800,25,54.9,1
1613777400,24.1,56.3,1
1613781000,21.9,55.7,1
1613784600,21.9,53.1,1
1613788200,21,61.7,0
1613791800,19.9,62,0
1613795400,14,61.1,0
1613799000,18,61.3,0
1613802600,19.9,62,0
1613806200,21,59.9,0
1613809800,19.9,61.3,0
1613813400,18,61.9,0
1613817000,16,60.5,0
1613820600,19.9,61.3,0
1613824200,19,54.7,1
1613827800,19,55.3,1
1613831400,21,55.7,1
1613835000,21.9,55,1
1613838600,23,53.6,1
1613842200,25,53.7,1
1613845800,26.1,55.5,1
1613849400,27,56.6,1
1613853000,28,54.6,1
1613856600,28,55.4,1
1613860200,27,58,1
1613863800,21,55.2,1
1613867400,21.9,54.9,1
1613871000,21,54.8,1
1613874600,14,62,0
1613878200,17.1,60.3,0
1613881800,15.1,60.1,0
1613885400,15.1,61.6,0
1613889000,15.1,60.5,0
1613892600,15.1,60.5,0
1613896200,16,60.2,0
1613899800,17.1,63.3,0
1613903400,16,61.3,0
1613907000,17.1,62.6,0
1613910600,18,55.1,1
1613914200,19,53.1,1
1613917800,21.9,54.6,1
1613921400,28,56.3,1
1613925000,33.1,55.1,1
1613928600,37.9,55,1
1613932200,43,54.3,1
1613935800,45,56.9,1
1613939400,46.9,54.7,1
1613943000,50,55,1
1613946600,48.9,53.4,1
1613950200,44.1,53.1,1
1613953800,41,57.1,1
1613957400,37.9,54.7,1
1613961000,39,63.4,0
1613964600,36,64.2,0
1613968200,33.1,65.3,0
1613971800,30.9,63.2,0
1613975400,30,63.6,0
1613979000,27,61.4,0
1613982600,25,63.5,0
1613986200,28,62.2,0
1613989800,27,65.5,0
1613993400,26.1,61.3,0
1613997000,24.1,55.2,1
1614000600,28,54.9,1
1614004200,32,55.8,1
1614007800,35.1,54.9,1
1614011400,37,54.4,1
1614015000,39.9,54.6,1
1614018600,39.9,55.8,1
1614022200,41,55.1,1
1614025800,41,55.1,1
1614029400,39,55.8,1
1614033000,39,56.6,1
1614036600,37.9,53.5,1
1614040200,37.9,54.9,1
1614043800,37,55,1
1614047400,37,64.1,0
1614051000,36,63.7,0
1614054600,36,65.9,0
1614058200,35.1,65.2,0
1614061800,34,63.4,0
1614065400,32,63.7,0
1614069000,32,64.8,0
1614072600,32,63.4,0
1614076200,32,63.9,0
1614079800,32,64.6,0
1614083400,32,54.9,1
1614087000,33.1,53.9,1
1614090600,33.1,56.6,1
1614094200,33.1,53.3,1
1614097800,33.1,54.4,1
1614101400,34,55.7,1
1614105000,34,57.3,1
1614108600,34,56.4,1
1614112200,34,54.3,1
1614115800,34,54.4,1
1614119400,34,54.1,1
1614123000,34,55.1,1
1614126600,35.1,54.7,1
1614130200,35.1,53.8,1
1614133800,35.1,64.5,0
1614137400,36,65.2,0
1614141000,37,63.9,0
1614144600,37,64.4,0
1614148200,36,63.9,0
1614151800,36,64.1,0
1614155400,37,64.3,0
1614159000,37,65.6,0
1614162600,37,66,0
1614166200,37,64.6,0
1614169800,37,55.1,1
1614173400,37,54.2,1
1614177000,37,55.5,1
1614180600,34,53.2,1
1614184200,32,53.7,1
1614187800,30.9,55.9,1
1614191400,30,54.8,1
1614195000,28.9,52.3,1
1614198600,28,54.4,1
1614202200,26.1,55.1,1
1614205800,25,55.6,1
1614209400,24.1,54.3,1
1614213000,23,54.2,1
1614216600,23,55.9,1
1614220200,23,60.7,0
1614223800,23,60.9,0
1614227400,23,62.7,0
1614231000,23,61.7,0
1614234600,24.1,63.1,0
1614238200,25,62.1,0
1614241800,26.1,62.6,0
1614245400,25,61.6,0
1614249000,25,62.1,0
1614252600,24.1,64.4,0
1614256200,23,54.3,1
1614259800,24.1,55.2,1
1614263400,25,55.6,1
1614267000,27,53.2,1
1614270600,27,54.9,1
1614274200,27,56.5,1
1614277800,27,54.4,1
1614281400,27,54.6,1
1614285000,28,55.6,1
1614288600,27,56.2,1
1614292200,27,55.4,1
1614295800,26.1,54.3,1
1614299400,26.1,54.3,1
1614303000,25,53.9,1
1614306600,26.1,63.8,0
1614310200,25,62.9,0
1614313800,23,63.6,0
1614317400,23,61,0
1614321000,23,62.5,0
1614324600,19.9,62.3,0
1614328200,19.9,61.4,0
1614331800,18,62.6,0
1614335400,18,62.1,0
1614339000,18,62.1,0
1614342600,18,54.5,1
1614346200,19.9,54.8,1
1614349800,21.9,55.2,1
1614353400,25,56,1
1614357000,27,55.6,1
1614360600,28.9,54.2,1
1614364200,30,53.7,1
1614367800,32,54.5,1
1614371400,32,53.4,1
1614375000,30.9,54,1
1614378600,30,55.1,1
1614382200,28,54.1,1
1614385800,27,54.4,1
1614389400,27,53.8,1
1614393000,27,63.4,0
1614396600,28,63.3,0
1614400200,26.1,63.5,0
1614403800,25,62.2,0
1614407400,24.1,63.6,0
1614411000,23,63.6,0
1614414600,23,62,0
1614418200,23,60.7,0
1614421800,21,60.9,0
1614425400,21,64.3,0
1614429000,21,56,1
1614432600,19.9,54.9,1
1614436200,19.9,56.4,1
1614439800,21,55.5,1
1614443400,23,54.3,1
1614447000,25,55.7,1
1614450600,26.1,54.9,1
1614454200,28,54.7,1
1614457800,28,56.3,1
1614461400,28,56.2,1
1614465000,28,54.1,1
1614468600,27,56.9,1
1614472200,26.1,54,1
1614475800,24.1,55,1
1614479400,23,61.7,0
1614483000,21,62.6,0
1614486600,19.9,60.8,0
1614490200,19,62.9,0
1614493800,19,60.6,0
1614497400,18,60.8,0
1614501000,17.1,60.6,0
1614504600,15.1,60.6,0
1614508200,15.1,61.1,0
1614511800,14,59.9,0
1614515400,12.9,53.8,1
1614519000,17.1,56.6,1
1614522600,19.9,56.3,1
1614526200,23,54.6,1
1614529800,26.1,55.6,1
1614533400,28.9,54.6,1
1614537000,30,57.3,1
1614540600,30.9,55.4,1
1614544200,30.9,56,1
1614547800,30.9,56.4,1
1614551400,28.9,53.1,1
1614555000,27,54.2,1
1614558600,25,53.5,1
1614562200,23,57.3,1
1614565800,21,61.2,0
1614569400,22.3,59.7,0
1614573000,23.5,61.7,0
1614576600,24.6,64.2,0
1614580200,25.7,62.4,0
1614583800,26.8,62.1,0
1614587400,28,61.9,0
1614591000,28.9,64.2,0
1614594600,28,60.9,0
1614598200,28,64.2,0
1614601800,28,55.8,1
1614605400,30.9,54.9,1
1614609000,35.1,55.1,1
1614612600,39.9,55.1,1
1614616200,45,56.5,1
1614619800,50,53.9,1
1614623400,53.1,53.5,1
1614627000,55.9,54.4,1
1614630600,57.9,58.5,1
1614634200,57.9,59,1
1614637800,57,58,1
1614641400,53.1,53.8,1
1614645000,51.1,54.4,1
1614648600,48.9,52.9,1
1614652200,46,66.4,0
1614655800,44.1,67.4,0
1614659400,39.9,64.1,0
1614663000,37.9,64.4,0
1614666600,39,64.5,0
1614670200,39.9,66.9,0
1614673800,37,64.3,0
1614677400,36,65,0
1614681000,35.1,64.5,0
1614684600,32,64.6,0
1614688200,32,55.8,1
1614691800,36,54,1
1614695400,37.9,54.5,1
1614699000,37.9,54.9,1
1614702600,37.9,55,1
1614706200,39,52.1,1
1614709800,39.9,54,1
1614713400,39,56,1
1614717000,37.9,54.5,1
1614720600,37,55.1,1
1614724200,35.1,54.6,1
1614727800,32,55.9,1
1614731400,30,56.4,1
1614735000,28,55.3,1
1614738600,27,63.4,0
1614742200,25,60.2,0
1614745800,24.1,60.8,0
1614749400,21.9,61.6,0
1614753000,19.9,60.1,0
1614756600,19,61,0
1614760200,18,59.9,0
1614763800,16,60.8,0
1614767400,15.1,58.5,0
1614771000,14,60,0
1614774600,12.9,54.8,1
1614778200,14,52.8,1
1614781800,16,55.8,1
1614785400,18,54.9,1
1614789000,19.9,56,1
1614792600,23,55.4,1
1614796200,25,56.3,1
1614799800,26.1,53.2,1
1614803400,27,55.9,1
1614807000,28,54.6,1
1614810600,28,53.6,1
1614814200,26.1,54,1
1614817800,26.1,55.7,1
1614821400,26.1,53.6,1
1614825000,26.1,63.2,0
1614828600,26.1,63.4,0
1614832200,26.1,63.6,0
1614835800,27,63.8,0
1614839400,27,63.4,0
1614843000,27,63.1,0
1614846600,27,61.6,0
1614850200,27,61.1,0
1614853800,27,64.7,0
1614857400,26.1,63.7,0
1614861000,25,56.3,1
1614864600,27,54.1,1
1614868200,30,55.4,1
1614871800,34,55,1
1614875400,37.9,53.8,1
1614879000,39.9,54.7,1
1614882600,39.9,54.9,1
1614886200,41,54.1,1
1614889800,39.9,55.7,1
1614893400,36,54.3,1
1614897000,33.1,54,1
1614900600,32,56.6,1
1614904200,30,54.4,1
1614907800,28,54.5,1
1614911400,26.1,63.5,0
1614915000,25,61.3,0
1614918600,25,60,0
1614922200,23,64.1,0
1614925800,21.9,61.5,0
1614929400,21.9,62.7,0
1614933000,21.9,65.1,0
1614936600,21.9,60.8,0
1614940200,21.9,62.7,0
1614943800,21,62,0
1614947400,21.9,53.7,1
1614951000,21.9,55.5,1
1614954600,24.1,56.9,1
1614958200,26.1,55.7,1
1614961800,28.9,53.9,1
1614965400,30.9,56.2,1
1614969000,32,54.7,1
1614972600,33.1,55,1
1614976200,33.1,56.2,1
1614979800,32,55.4,1
1614983400,30.9,53.2,1
1614987000,28.9,55.3,1
1614990600,28,54.8,1
1614994200,27,54.5,1
1614997800,26.1,63.1,0
1615001400,25,62.1,0
1615005000,24.1,64,0
1615008600,23,61.5,0
1615012200,21.9,61.1,0
1615015800,21.9,60.7,0
1615019400,19.9,61,0
1615023000,19.9,61.5,0
1615026600,19.9,62.9,0
1615030200,19,62.2,0
1615033800,19,55.5,1
1615037400,19.9,56.7,1
1615041000,23,54,1
1615044600,25,54.5,1
1615048200,28,55.6,1
1615051800,30.9,54.4,1
1615055400,34,55.9,1
1615059000,36,54.6,1
1615062600,37,54.5,1
1615066200,37,55.2,1
1615069800,37,54.4,1
1615073400,34,54.8,1
1615077000,32,56.6,1
1615080600,30,54.7,1
1615084200,28.9,63.2,0
1615087800,28,64.2,0
1615091400,28,62.8,0
1615095000,26.1,63.1,0
1615098600,25,62.3,0
1615102200,24.1,61.1,0
1615105800,23,63.6,0
1615109400,23,61,0
1615113000,21.9,62.3,0
1615116600,21.9,59.8,0
1615120200,21.9,53.5,1
1615123800,23,53.1,1
1615127400,25,55.1,1
1615131000,26.1,54.7,1
1615134600,28,56.6,1
1615138200,30,55,1
1615141800,30,53.3,1
1615145400,30.9,55.1,1
1615149000,30.9,52.9,1
1615152600,32,55.9,1
1615156200,32,55.4,1
1615159800,33.1,56.8,1
1615163400,33.1,53.4,1
1615167000,33.1,55.4,1
1615170600,33.1,62.8,0
1615174200,33.1,65.2,0
1615177800,32,63.4,0
1615181400,32,65.9,0
1615185000,30.9,62.1,0
1615188600,30.9,63.4,0
1615192200,30.9,62.4,0
1615195800,30.9,65.3,0
1615199400,30.9,65.3,0
1615203000,30.9,61.4,0
1615206600,30.9,55.6,1
1615210200,32,56.3,1
1615213800,32,56.5,1
1615217400,32,54.1,1
1615221000,32,55.1,1
1615224600,32,55,1
1615228200,33.1,55.1,1
1615231800,33.1,54.7,1
1615235400,33.1,54,1
1615239000,33.1,55.9,1
1615242600,34,55.2,1
1615246200,33.1,54.8,1
1615249800,33.1,53.7,1
1615253400,33.1,56,1
1615257000,33.1,65.9,0
1615260600,33.1,63.8,0
1615264200,33.1,64.4,0
1615267800,33.1,64.6,0
1615271400,33.1,62.2,0
1615275000,33.1,63.8,0
1615278600,33.1,64.6,0
1615282200,33.1,63.4,0
1615285800,33.1,63,0
1615289400,33.1,63.5,0
1615293000,34,53.7,1
1615296600,34,56.2,1
1615300200,34,54.6,1
1615303800,34,56.3,1
1615307400,35.1,55.5,1
1615311000,35.1,55.4,1
1615314600,36,56,1
1615318200,37,54.7,1
1615321800,37,55.2,1
1615325400,37,57,1
1615329000,37,55.7,1
1615332600,37,53.8,1
1615336200,37,56,1
1615339800,36,54.9,1
1615343400,36,65.7,0
1615347000,35.1,64.5,0
1615350600,35.1,65.6,0
1615354200,33.1,61.5,0
1615357800,30.9,64,0
1615361400,32,63.2,0
1615365000,30.9,64.4,0
1615368600,33.1,62.9,0
1615372200,32,63.7,0
1615375800,30.9,63.8,0
1615379400,30.9,53.9,1
1615383000,30.9,53.9,1
1615386600,32,54.4,1
1615390200,34,53.5,1
1615393800,35.1,54.1,1
1615397400,36,55.3,1
1615401000,37.9,54.1,1
1615404600,37.9,55.3,1
1615408200,39,54.6,1
1615411800,39,57,1
1615415400,39,55.8,1
1615419000,39,55.4,1
1615422600,39,53.9,1
1615426200,39,56.9,1
1615429800,37.9,64.8,0
1615433400,37.9,66.3,0
1615437000,37.9,64.7,0
1615440600,39,65.6,0
1615444200,37.9,66.2,0
1615447800,37.9,65.3,0
1615451400,37.9,65.2,0
1615455000,39,67.1,0
1615458600,39,66.2,0
1615462200,39.9,66,0
1615465800,39.9,54.4,1
1615469400,42.1,54.2,1
1615473000,42.1,54.2,1
1615476600,42.1,55.8,1
1615480200,42.1,56.5,1
1615483800,43,53.3,1
1615487400,44.1,56.8,1
1615491000,45,55.3,1
1615494600,46,56.1,1
1615498200,46,56.1,1
1615501800,48.9,55.8,1
1615505400,48.9,53.8,1
1615509000,48.9,53.7,1
1615512600,48.9,54.1,1
1615516200,50,67.6,0
1615519800,51.1,68.8,0
1615523400,50,68.5,0
1615527000,50,68.7,0
1615530600,52,67.3,0
1615534200,52,67.6,0
1615537800,52,66.9,0
1615541400,54,68.5,0
1615545000,52,68.4,0
1615548600,52,67.7,0
1615552200,52,55.5,1
1615555800,53.1,54.2,1
1615559400,55.9,56,1
1615563000,59,59.4,1
1615566600,60.1,60.3,1
1615570200,63,63.5,1
1615573800,64.9,62.8,1
1615577400,66.9,65.4,1
1615581000,68,69.6,1
1615584600,66.9,65.9,1
1615588200,66,66.7,1
1615591800,64,65.7,1
1615595400,59,58.1,1
1615599000,55,54.4,1
1615602600,57.9,69.9,0
1615606200,55,68.4,0
1615609800,53.1,66.7,0
1615613400,50,66.7,0
1615617000,46.9,68.8,0
1615620600,48,66.7,0
1615624200,43,66.9,0
1615627800,42.1,66.8,0
1615631400,37,65.6,0
1615635000,39,65.1,0
1615638600,39.9,54.3,1
1615642200,41,56.5,1
1615645800,44.1,55.2,1
1615649400,52,52.8,1
1615653000,55.9,56.5,1
1615656600,57,55.8,1
1615660200,55.9,54.4,1
1615663800,55.9,55.9,1
1615667400,52,55.3,1
1615671000,51.1,54.2,1
1615674600,52,55.5,1
1615678200,52,53.6,1
1615681800,52,53.9,1
1615685400,52,54.4,1
1615689000,52,67,0
1615692600,52,67.6,0
1615696200,52,67.7,0
1615699800,51.1,68.7,0
1615703400,50,68,0
1615707000,48.9,67.6,0
1615710600,50,69.8,0
1615714200,50,68.1,0
1615717800,50,67.5,0
1615721400,51.1,68.6,0
1615725000,50,52.9,1
1615728600,51.1,54.6,1
1615732200,53.1,53.9,1
1615735800,55.9,54.9,1
1615739400,59,59.7,1
1615743000,61,61,1
1615746600,55.9,56.6,1
1615750200,55.9,56,1
1615753800,53.1,53.6,1
1615757400,50,55,1
1615761000,48,54.6,1
1615764600,45,53.6,1
1615768200,44.1,55.6,1
1615771800,43,54.5,1
1615775400,42.1,65.8,0
1615779000,41,66,0
1615782600,39.9,66.2,0
1615786200,39.9,65.1,0
1615789800,39,65.7,0
1615793400,37.9,66.2,0
1615797000,37.9,63.5,0
1615800600,37,65.5,0
1615804200,36,65.7,0
1615807800,36,63.1,0
1615811400,36,53.9,1
1615815000,37,55.3,1
1615818600,37,53.8,1
1615822200,39,53.9,1
1615825800,45,55.4,1
1615829400,45,55.5,1
1615833000,36,55.6,1
1615836600,33.1,56.6,1
1615840200,32,55.5,1
1615843800,32,56.1,1
1615847400,33.1,53.4,1
1615851000,34,54,1
1615854600,34,54.2,1
1615858200,34,54.3,1
1615861800,35.1,65.3,0
1615865400,35.1,64.1,0
1615869000,36,64.7,0
1615872600,35.1,64.9,0
1615876200,35.1,64.8,0
1615879800,35.1,64.5,0
1615883400,34,64.2,0
1615887000,34,62.8,0
1615890600,34,63.9,0
1615894200,34,65.4,0
1615897800,33.1,55.1,1
1615901400,34,54.1,1
1615905000,34,54.7,1
1615908600,34,54.9,1
1615912200,34,55,1
1615915800,34,55.4,1
1615919400,34,54.3,1
1615923000,35.1,53.2,1
1615926600,34,53.1,1
1615930200,34,54.3,1
1615933800,33.1,56,1
1615937400,33.1,56.8,1
1615941000,32,56.9,1
1615944600,32,56.5,1
1615948200,32,63.7,0
1615951800,30.9,63.2,0
1615955400,30.9,64.1,0
1615959000,32,63.1,0
1615962600,30.9,63.7,0
1615966200,30,63.6,0
1615969800,30.9,65.6,0
1615973400,32,62.7,0
1615977000,32,63.5,0
1615980600,30.9,63.9,0
1615984200,30,54.7,1
1615987800,30.9,54.9,1
1615991400,30.9,56.8,1
1615995000,32,54.1,1
1615998600,32,54.8,1
1616002200,33.1,54.8,1
1616005800,33.1,55.1,1
1616009400,33.1,54.8,1
1616013000,33.1,54.4,1
1616016600,33.1,55.3,1
1616020200,34,55.3,1
1616023800,34,54.1,1
1616027400,33.1,54.5,1
1616031000,33.1,56.4,1
1616034600,32,63.7,0
1616038200,32,64.2,0
1616041800,32,63.2,0
1616045400,30,63.9,0
1616049000,26.1,62.5,0
1616052600,26.1,60.1,0
1616056200,26.1,63.4,0
1616059800,25,61.8,0
1616063400,23,61.6,0
1616067000,23,62,0
1616070600,23,56.7,1
1616074200,25,56.9,1
1616077800,26.1,56.9,1
1616081400,26.1,54.4,1
1616085000,28,53.8,1
1616088600,28,54.1,1
1616092200,28,54.8,1
1616095800,26.1,54.9,1
1616099400,25,55.6,1
1616103000,23,54.9,1
1616106600,23,55.9,1
1616110200,21.9,54.2,1
1616113800,19.9,54.1,1
1616117400,19,55.1,1
1616121000,19,61.2,0
1616124600,18,60.3,0
1616128200,18,61.4,0
1616131800,18,61.2,0
1616135400,16,62.2,0
1616139000,16,60.2,0
1616142600,15.1,60.4,0
1616146200,16,59.8,0
1616149800,14,63.6,0
1616153400,15.1,59.5,0
1616157000,15.1,55.4,1
1616160600,19,53.7,1
1616164200,21.9,53.3,1
1616167800,24.1,54.5,1
1616171400,25,56,1
1616175000,30,54.2,1
1616178600,30.9,55.5,1
1616182200,32,54.5,1
1616185800,34,57.3,1
1616189400,34,53.5,1
1616193000,34,55,1
1616196600,32,56.3,1
1616200200,28,54.6,1
1616203800,27,54.8,1
1616207400,27,62.5,0
1616211000,23,62.9,0
1616214600,21,61.6,0
1616218200,23,62.3,0
1616221800,23,61.8,0
1616225400,21,60.7,0
1616229000,21.9,62.4,0
1616232600,21,62.6,0
1616236200,23,61.6,0
1616239800,25,63,0
1616243400,26.1,56.1,1
1616247000,30.9,56.6,1
1616250600,37,56.5,1
1616254200,42.1,55.4,1
1616257800,46.9,54.8,1
1616261400,51.1,55.1,1
1616265000,53.1,55.2,1
1616268600,54,54,1
1616272200,54,55.7,1
1616275800,54,54.4,1
1616279400,54,54.1,1
1616283000,48.9,54.8,1
1616286600,46.9,55.3,1
1616290200,45,54.5,1
1616293800,44.1,67.3,0
1616297400,44.1,67.1,0
1616301000,42.1,65.7,0
1616304600,39,65.3,0
1616308200,37,63.8,0
1616311800,37,64.2,0
1616315400,35.1,64.1,0
1616319000,36,65.4,0
1616322600,37,65.1,0
1616326200,37,65.7,0
1616329800,37,55.8,1
1616333400,39,54.7,1
1616337000,42.1,54.7,1
1616340600,46.9,51.4,1
1616344200,48.9,55.5,1
1616347800,52,55.3,1
1616351400,55,55.6,1
1616355000,57.9,56.8,1
1616358600,57.9,57.6,1
1616362200,57.9,57.7,1
1616365800,55.9,55.1,1
1616369400,54,55.4,1
1616373000,51.1,53.5,1
1616376600,50,54.9,1
1616380200,46.9,65.9,0
1616383800,46.9,65.9,0
1616387400,45,66.4,0
1616391000,43,66.2,0
1616394600,41,64.8,0
1616398200,41,65.4,0
1616401800,39.9,64.7,0
1616405400,39.9,64.9,0
1616409000,39,64.9,0
1616412600,36,63.6,0
1616416200,34,53.6,1
1616419800,34,55.3,1
1616423400,34,54.5,1
1616427000,36,55.8,1
1616430600,37.9,53.4,1
1616434200,37.9,56.1,1
1616437800,39,54.5,1
1616441400,37.9,53.9,1
1616445000,37,54.4,1
1616448600,35.1,54.6,1
1616452200,30.9,54,1
1616455800,28,56.3,1
1616459400,26.1,55.1,1
1616463000,24.1,54.4,1
1616466600,21,61.8,0
1616470200,19,61.3,0
1616473800,18,63.1,0
1616477400,17.1,60.3,0
1616481000,15.1,60.5,0
1616484600,14,62,0
1616488200,12.9,59.6,0
1616491800,12,61,0
1616495400,12,59.8,0
1616499000,10.9,60.9,0
1616502600,10.9,54.7,1
1616506200,12.9,54.6,1
1616509800,16,56.4,1
1616513400,17.1,54.2,1
1616517000,19,55.6,1
1616520600,21,56.1,1
1616524200,23,56.4,1
1616527800,25,54.3,1
1616531400,25,54.7,1
1616535000,24.1,55.5,1
1616538600,24.1,54.3,1
1616542200,21.9,53.6,1
1616545800,19.9,56.9,1
1616549400,19.9,56.5,1
1616553000,19.9,60.2,0
1616556600,19,62.5,0
1616560200,19,61.9,0
1616563800,19,61.4,0
1616567400,19,60.9,0
1616571000,18,61,0
1616574600,19,60.9,0
1616578200,18,62.2,0
1616581800,18,60.2,0
1616585400,17.1,59.6,0
1616589000,19,53.6,1
1616592600,21.9,53.8,1
1616596200,24.1,55,1
1616599800,26.1,54.1,1
1616603400,28.9,55,1
1616607000,30.9,54.8,1
1616610600,33.1,52.7,1
1616614200,34,55.6,1
1616617800,35.1,55.3,1
1616621400,36,54.7,1
1616625000,34,55.7,1
1616628600,32,54.3,1
1616632200,30,55.4,1
1616635800,28,54.3,1
1616639400,27,61.9,0
1616643000,27,63.2,0
1616646600,27,62.8,0
1616650200,27,62,0
1616653800,28,64,0
1616657400,27,62.4,0
1616661000,26.1,62,0
1616664600,25,61.8,0
1616668200,25,61.7,0
1616671800,25,62.5,0
1616675400,26.1,54.3,1
1616679000,28.9,55.5,1
1616682600,32,54.8,1
1616686200,34,53.9,1
1616689800,39,54.8,1
1616693400,39.9,55.1,1
1616697000,42.1,54.6,1
1616700600,43,54.6,1
1616704200,42.1,55.1,1
1616707800,44.1,55.2,1
1616711400,42.1,55.6,1
1616715000,39,54.4,1
1616718600,36,55.6,1
1616722200,33.1,54.7,1
1616725800,32,63.4,0
1616729400,30,65.3,0
1616733000,28.9,63.7,0
1616736600,27,63.7,0
1616740200,26.1,62.9,0
1616743800,24.1,61.3,0
1616747400,23,62.6,0
1616751000,21,61.8,0
1616754600,19,57.9,0
1616758200,18,61.7,0
1616761800,19,53.6,1
1616765400,21,57.1,1
1616769000,23,56.7,1
1616772600,26.1,53,1
1616776200,28.9,54.7,1
1616779800,30.9,56.6,1
1616783400,34,57.8,1
1616787000,34,53.5,1
1616790600,36,56.2,1
1616794200,36,56.2,1
1616797800,36,53.8,1
1616801400,34,53.6,1
1616805000,32,55.8,1
1616808600,30.9,54,1
1616812200,28,63.5,0
1616815800,28.9,62.1,0
1616819400,28,63.4,0
1616823000,25,61.6,0
1616826600,24.1,62,0
1616830200,26.1,63.4,0
1616833800,24.1,62.8,0
1616837400,23,62.8,0
1616841000,24.1,62.3,0
1616844600,24.1,63.8,0
1616848200,25,54.2,1
1616851800,30.9,53.3,1
1616855400,35.1,54.9,1
1616859000,37.9,55.3,1
1616862600,46,53.8,1
1616866200,51.1,54.4,1
1616869800,53.1,56.5,1
1616873400,54,52.6,1
1616877000,55.9,57.1,1
1616880600,55,55.6,1
1616884200,54,55.2,1
1616887800,53.1,54.9,1
1616891400,46,53.8,1
1616895000,46.9,54.7,1
1616898600,45,65,0
1616902200,43,66.3,0
1616905800,42.1,66.2,0
1616909400,42.1,64.7,0
1616913000,43,67.2,0
1616916600,42.1,64.7,0
1616920200,39.9,66.2,0
1616923800,39,65,0
1616927400,37.9,65.6,0
1616931000,37,65.1,0
1616934600,37.9,55.7,1
1616938200,39.9,55.6,1
1616941800,42.1,55.8,1
1616945400,46,55.2,1
1616949000,48.9,54.8,1
1616952600,52,55.2,1
1616956200,53.1,54.4,1
1616959800,54,55.9,1
1616963400,51.1,55.7,1
1616967000,48.9,55.1,1
1616970600,48,56.7,1
1616974200,46.9,55.2,1
1616977800,46.9,53.8,1
1616981400,46.9,56.1,1
1616985000,46,66.6,0
1616988600,46,66,0
1616992200,42.1,68.6,0
1616995800,42.1,65.6,0
1616999400,39.9,65.4,0
1617003000,39.9,63.9,0
1617006600,37.9,64.8,0
1617010200,37.9,64.8,0
1617013800,37,66,0
1617017400,35.1,65.2,0
1617021000,36,54.8,1
1617024600,39.9,54.9,1
1617028200,45,56.8,1
1617031800,48,54.1,1
1617035400,52,55.7,1
1617039000,54,54.1,1
1617042600,54,55.9,1
1617046200,53.1,56.7,1
1617049800,54,55.6,1
1617053400,54,55.6,1
1617057000,54,55.8,1
1617060600,53.1,53.3,1
1617064200,52,53.8,1
1617067800,51.1,52.9,1
1617071400,48.9,69.2,0
1617075000,46.9,67.7,0
1617078600,43,67.9,0
1617082200,41,65.7,0
1617085800,41,63.2,0
1617089400,37.9,64.9,0
1617093000,35.1,65.7,0
1617096600,33.1,64.2,0
1617100200,33.1,64.3,0
1617103800,33.1,64.6,0
1617107400,34,54,1
1617111000,39,53.9,1
1617114600,43,55,1
1617118200,46.9,54.5,1
1617121800,52,54.3,1
1617125400,55,55.1,1
1617129000,57.9,58,1
1617132600,57,56.8,1
1617136200,57.9,59,1
1617139800,59,59.9,1
1617143400,57,55.8,1
1617147000,54,54.2,1
1617150600,50,54.4,1
1617154200,46.9,56.4,1
1617157800,46,68.8,0
1617161400,42.1,64.9,0
1617165000,44.1,65.5,0
1617168600,39.9,64.5,0
1617172200,37,65.7,0
1617175800,37,64.9,0
1617179400,36,64.9,0
1617183000,36,67.3,0
1617186600,35.1,66.1,0
1617190200,35.1,65.1,0
1617193800,37,56.1,1
1617197400,39.9,54.4,1
1617201000,39.9,53.4,1
1617204600,42.1,54.4,1
1617208200,44.1,55.4,1
1617211800,48,55.9,1
1617215400,51.1,56.2,1
1617219000,52,55.8,1
1617222600,52,54.4,1
1617226200,53.1,54.7,1
1617229800,52,54.6,1
1617233400,51.1,54.8,1
1617237000,50,53.6,1
1617240600,50,53.7,1
1617244200,50,68,0
1617247800,46.2,66.6,0
1617251400,42.6,64.1,0
1617255000,38.8,64.5,0
1617258600,35.2,66.3,0
1617262200,31.6,64.1,0
1617265800,28,63.3,0
1617269400,24.1,62.5,0
1617273000,23,62.5,0
1617276600,24.1,59.9,0
1617280200,25,55.8,1
1617283800,26.1,56,1
1617287400,24.8,56.3,1
1617291000,26.1,55.7,1
1617294600,26.6,54,1
1617298200,27,54.6,1
1617301800,28,55.1,1
1617305400,28,57.3,1
1617309000,28,55.1,1
1617312600,28.9,55.5,1
1617316200,28.9,55.6,1
1617319800,28.9,55.8,1
1617323400,28.9,55.2,1
1617327000,28.9,55.5,1
1617330600,28.9,62.7,0
1617334200,28.9,65.3,0
1617337800,28.9,65.2,0
1617341400,28.9,62.3,0
1617345000,28.9,63.5,0
1617348600,28.9,64.3,0
1617352200,28.9,63.3,0
1617355800,28.9,64.3,0
1617359400,28.9,62.4,0
1617363000,28.9,62.8,0
1617366600,28.9,54.6,1
1617370200,30.2,57.4,1
1617373800,30,54.9,1
1617377400,30.9,54.4,1
1617381000,33.1,55.7,1
1617384600,34,56.1,1
1617388200,34,55.3,1
1617391800,35.6,54.5,1
1617395400,32,54.3,1
1617399000,33.8,54.3,1
1617402600,32,53.9,1
1617406200,30.9,56.7,1
1617409800,30,54.8,1
1617413400,28.9,54.3,1
1617417000,28,62.9,0
1617420600,25,61.7,0
1617424200,24.1,62.2,0
1617427800,23,61.6,0
1617431400,21.9,60.3,0
1617435000,21,62.3,0
1617438600,19.9,62.2,0
1617442200,21,61.6,0
1617445800,21,60.9,0
1617449400,21,62,0
1617453000,21,54.1,1
1617456600,21.9,54.4,1
1617460200,23,55.3,1
1617463800,25,53.6,1
1617467400,26.1,55.7,1
1617471000,28,54.7,1
1617474600,28,55.3,1
1617478200,28.9,55.9,1
1617481800,28.9,53,1
1617485400,28.9,55.3,1
1617489000,28,54.5,1
1617492600,28,54.6,1
1617496200,28,56.6,1
1617499800,27,54.4,1
1617503400,27,63.9,0
1617507000,26.1,63.4,0
1617510600,26.1,62.9,0
1617514200,26.1,63.4,0
1617517800,26.1,64.3,0
1617521400,25,63.1,0
1617525000,25,62.2,0
1617528600,24.1,60.7,0
1617532200,24.1,61.1,0
1617535800,24.1,61.5,0
1617539400,24.1,55.3,1
1617543000,25,57.4,1
1617546600,26.1,55.4,1
1617550200,27,54.7,1
1617553800,28,54.3,1
1617557400,28.9,55.6,1
1617561000,30,55.3,1
1617564600,30.9,53.3,1
1617568200,30.9,55.4,1
1617571800,30.9,55.7,1
1617575400,30.9,54.8,1
1617579000,30.9,56.1,1
1617582600,28.9,55.8,1
1617586200,27,54.9,1
1617589800,26.1,62.5,0
1617593400,26.1,64.8,0
1617597000,24.1,59.8,0
1617600600,24.1,62.8,0
1617604200,23,63.1,0
1617607800,23,62.6,0
1617611400,19.9,60.8,0
1617615000,19,62.7,0
1617618600,18,60.1,0
1617622200,18,60,0
1617625800,21,53.8,1
1617629400,26.1,54.4,1
1617633000,30.9,52.7,1
1617636600,32,55.4,1
1617640200,34,56.4,1
1617643800,35.1,55.1,1
1617647400,36,56.7,1
1617651000,37,54.3,1
1617654600,37,54,1
1617658200,37,54.8,1
1617661800,37,54.4,1
1617665400,36,55,1
1617669000,34,53.7,1
1617672600,33.1,54,1
1617676200,33.1,63.5,0
1617679800,28.9,62.9,0
1617683400,28.9,62.6,0
1617687000,28.9,64.4,0
1617690600,27,61.5,0
1617694200,25,62.3,0
1617697800,25,61.6,0
1617701400,24.1,62.1,0
1617705000,26.1,61.6,0
1617708600,25,61.8,0
1617712200,27,56.1,1
1617715800,30,56.7,1
1617719400,34,54.3,1
1617723000,36,54.1,1
1617726600,37,54.6,1
1617730200,39.9,54.9,1
1617733800,41,56.7,1
1617737400,43,54.3,1
1617741000,45,54.6,1
1617744600,46,56.8,1
1617748200,46.9,53.8,1
1617751800,46,55.3,1
1617755400,46,55.8,1
1617759000,45,55.7,1
1617762600,45,65.9,0
1617766200,44.1,66.6,0
1617769800,44.1,63.8,0
1617773400,44.1,66.1,0
1617777000,44.1,65.3,0
1617780600,44.6,67,0
1617784200,45,66.2,0
1617787800,44.1,67.4,0
1617791400,44.1,66.2,0
1617795000,48.9,66.9,0
1617798600,48.9,55.1,1
1617802200,50,53.8,1
1617805800,50,53.4,1
1617809400,51.1,56.1,1
1617813000,51.1,53.5,1
1617816600,52,56.3,1
1617820200,54,55,1
1617823800,53.1,53.7,1
1617827400,53.1,55.8,1
1617831000,53.6,56.3,1
1617834600,53.1,53.4,1
1617838200,52,55.2,1
1617841800,52,54.2,1
1617845400,50.5,56.2,1
1617849000,48.9,68.5,0
1617852600,48.9,66.8,0
1617856200,48.9,67.8,0
1617859800,46.9,67.6,0
1617863400,46,66.4,0
1617867000,45,66.5,0
1617870600,44.1,67.2,0
1617874200,44.1,66.8,0
1617877800,44.1,67,0
1617881400,41,64.9,0
1617885000,42.1,55.9,1
1617888600,43,54.3,1
1617892200,42.1,55.4,1
1617895800,43,55.2,1
1617899400,44.6,54.7,1
1617903000,46.9,55.2,1
1617906600,48.9,53.7,1
1617910200,50,56.9,1
1617913800,51.1,55.5,1
1617917400,52,55.6,1
1617921000,51.1,55,1
1617924600,50,52.8,1
1617928200,46.9,53.1,1
1617931800,44.1,54.1,1
1617935400,42.1,65.7,0
1617939000,39.9,66.2,0
1617942600,37.9,63.7,0
1617946200,36,65.3,0
1617949800,34,64.7,0
1617953400,33.1,63.5,0
1617957000,32,61.9,0
1617960600,30.9,63.9,0
1617964200,30,64.2,0
1617967800,28.9,64,0
1617971400,32,56.5,1
1617975000,36,53.6,1
1617978600,37.9,55.5,1
1617982200,39.9,54,1
1617985800,43,55.5,1
1617989400,45,53.7,1
1617993000,46.9,54.8,1
1617996600,48.9,55.2,1
1618000200,51.1,54.4,1
1618003800,52,54.7,1
1618007400,53.1,55.7,1
1618011000,54,55.3,1
1618014600,53.1,54.9,1
1618018200,51.1,53.2,1
1618021800,52,67.5,0
1618025400,50,67.2,0
1618029000,50,69,0
1618032600,48.9,67.8,0
1618036200,52,67.4,0
1618039800,50,66.9,0
1618043400,48.9,68.3,0
1618047000,48,67.9,0
1618050600,46,65.8,0
1618054200,45,66.9,0
1618057800,45,53.6,1
1618061400,45,54.7,1
1618065000,46.4,53.9,1
1618068600,46,55.7,1
1618072200,46.9,54.6,1
1618075800,50,55.4,1
1618079400,53.1,54.6,1
1618083000,55.9,55.7,1
1618086600,59,59.4,1
1618090200,57,55.5,1
1618093800,55.9,56.1,1
1618097400,51.1,55.1,1
1618101000,46,53.5,1
1618104600,46,55.9,1
1618108200,45,66.4,0
1618111800,46.9,68,0
1618115400,46.9,67.3,0
1618119000,48.9,67.6,0
1618122600,48.9,68,0
1618126200,51.1,67.9,0
1618129800,45,66,0
1618133400,44.1,66.9,0
1618137000,43,65.1,0
1618140600,43,66.7,0
1618144200,44.1,54.7,1
1618147800,43,54.4,1
1618151400,43,54.3,1
1618155000,44.1,54.7,1
1618158600,42.8,52.6,1
1618162200,43,55.1,1
1618165800,43,54.3,1
1618169400,43,55.3,1
1618173000,43,56.2,1
1618176600,43,55.1,1
1618180200,43,55.8,1
1618183800,43,55.4,1
1618187400,43,55.7,1
1618191000,43,54.6,1
1618194600,44.1,66.2,0
1618198200,44.1,66.5,0
1618201800,44.1,66,0
1618205400,43,65.4,0
1618209000,44.1,64.9,0
1618212600,43,65.8,0
1618216200,43,67.1,0
1618219800,43,66,0
1618223400,43,64.8,0
1618227000,42.1,68.3,0
1618230600,44.1,56.2,1
1618234200,45,54.4,1
1618237800,46.9,55.7,1
1618241400,50,55.1,1
1618245000,51.1,51.2,1
1618248600,53.1,56.1,1
1618252200,55.9,56.6,1
1618255800,59,59.4,1
1618259400,61,60.1,1
1618263000,62.1,62.4,1
1618266600,63,63.2,1
1618270200,63,63.4,1
1618273800,61,62.3,1
1618277400,59,59.3,1
1618281000,55,69.9,0
1618284600,54,68.3,0
1618288200,52,67.9,0
1618291800,51.1,67.9,0
1618295400,48,66.5,0
1618299000,46.9,65.8,0
1618302600,45,67,0
1618306200,45,68,0
1618309800,44.1,66,0
1618313400,44.1,65.9,0
1618317000,46,53.8,1
1618320600,50,55.6,1
1618324200,55,54,1
1618327800,57.9,57.6,1
1618331400,61,61.9,1
1618335000,63,63.3,1
1618338600,64.9,66.3,1
1618342200,63,64.3,1
1618345800,62.1,63.6,1
1618349400,59,58.4,1
1618353000,55.9,55.3,1
1618356600,55,54.6,1
1618360200,55,53.3,1
1618363800,54,54.5,1
1618367400,54,66.4,0
1618371000,54,66.9,0
1618374600,54,67.2,0
1618378200,53.1,68.4,0
1618381800,55,70.2,0
1618385400,55.9,69.3,0
1618389000,55,68.4,0
1618392600,55,68.5,0
1618396200,53.1,67.2,0
1618399800,54,67,0
1618403400,54,54.8,1
1618407000,53.1,54.1,1
1618410600,57,56.5,1
1618414200,60.1,60.7,1
1618417800,64,65.5,1
1618421400,68,68.2,1
1618425000,71.1,71.3,1
1618428600,73.9,72.6,1
1618432200,75.9,72.3,1
1618435800,75,72.7,1
1618439400,75,72.2,1
1618443000,72,72.5,1
1618446600,69.1,71.1,1
1618450200,68,67.9,1
1618453800,66,71.1,0
1618457400,64,71.8,0
1618461000,63,71.1,0
1618464600,62.1,70.1,0
1618468200,57.9,68.8,0
1618471800,55,67.5,0
1618475400,55.9,68.3,0
1618479000,57,69.5,0
1618482600,62.1,72.7,0
1618486200,61,69.6,0
1618489800,62.1,60.2,1
1618493400,64.9,65.3,1
1618497000,68,66.2,1
1618500600,73.9,71.7,1
1618504200,78.1,72.3,1
1618507800,79,73.4,1
1618511400,82,73.5,1
1618515000,86,74.4,1
1618518600,88,75.6,1
1618522200,91,75.6,1
1618525800,90,76.4,1
1618529400,88,75.6,1
1618533000,82.9,74.8,1
1618536600,82.9,75,1
1618540200,81,73.2,0
1618543800,79,74,0
1618547400,78.1,73.9,0
1618551000,75.9,72,0
1618554600,75.9,72.4,0
1618558200,75,71.7,0
1618561800,73,72,0
1618565400,71.1,72,0
1618569000,68,71.3,0
1618572600,68,72.7,0
1618576200,68,68.1,1
1618579800,71.1,70.7,1
1618583400,72,72.5,1
1618587000,73.9,73.1,1
1618590600,77,73.7,1
1618594200,78.1,74.8,1
1618597800,80.1,73.9,1
1618601400,81,74.6,1
1618605000,82,72.1,1
1618608600,82.9,74.5,1
1618612200,82.9,75.7,1
1618615800,82.9,74.2,1
1618619400,81,73.1,1
1618623000,80.1,73.2,1
1618626600,77,70.6,0
1618630200,73,73.1,0
1618633800,69.1,69.6,0
1618637400,62.1,69.3,0
1618641000,61,70.2,0
1618644600,59,69.5,0
1618648200,57.9,69.9,0
1618651800,54,67.5,0
1618655400,51.1,68.1,0
1618659000,50,67.5,0
1618662600,50,55.1,1
1618666200,52,55,1
1618669800,54,54.2,1
1618673400,55.9,54.8,1
1618677000,59,59.7,1
1618680600,61,60.4,1
1618684200,63,63.9,1
1618687800,64,64.6,1
1618691400,64,62.7,1
1618695000,66,66.8,1
1618698600,66,65,1
1618702200,64.9,64.7,1
1618705800,63,63,1
1618709400,63,61.9,1
1618713000,61,71.3,0
1618716600,59,68.3,0
1618720200,57.9,68.8,0
1618723800,59,69.3,0
1618727400,57,69.1,0
1618731000,57,69.2,0
1618734600,53.1,68.6,0
1618738200,55.9,69.1,0
1618741800,54,68.1,0
1618745400,55.9,67.4,0
1618749000,57.9,57.6,1
1618752600,62.1,61.4,1
1618756200,69.1,68.4,1
1618759800,75,72.3,1
1618763400,79,75.4,1
1618767000,82,73.6,1
1618770600,82.9,74.5,1
1618774200,86,74.2,1
1618777800,84,72.8,1
1618781400,79,74.7,1
1618785000,75,73.4,1
1618788600,69.1,70.5,1
1618792200,64,66.2,1
1618795800,59,58.2,1
1618799400,55,68.9,0
1618803000,53.1,68.9,0
1618806600,51.1,65.9,0
1618810200,46.9,66.9,0
1618813800,44.6,66.3,0
1618817400,42.1,67.3,0
1618821000,41,63.5,0
1618824600,41,66,0
1618828200,39.9,66.4,0
1618831800,39,65.3,0
1618835400,39.9,56.5,1
1618839000,39.9,54.3,1
1618842600,39.9,55.5,1
1618846200,41,54.8,1
1618849800,42.1,53.4,1
1618853400,45,56.1,1
1618857000,48.9,55.5,1
1618860600,51.1,56.4,1
1618864200,50,54.1,1
1618867800,51.1,54.2,1
1618871400,50,56.5,1
1618875000,50,53.6,1
1618878600,48,55.7,1
1618882200,46.9,55.9,1
1618885800,44.1,65.6,0
1618889400,42.1,65.4,0
1618893000,41,65.5,0
1618896600,39.9,66.4,0
1618900200,39,67,0
1618903800,37.9,63.9,0
1618907400,37,65.5,0
1618911000,35.1,65.2,0
1618914600,35.1,64.6,0
1618918200,34,65.3,0
1618921800,36,55.5,1
1618925400,37.9,55,1
1618929000,41,57,1
1618932600,44.1,55.6,1
1618936200,46,55.9,1
1618939800,46.9,54.6,1
1618943400,48.9,55.9,1
1618947000,50,55,1
1618950600,50,55.2,1
1618954200,50,56.5,1
1618957800,50,56.5,1
1618961400,50,54.1,1
1618965000,48.9,53.8,1
1618968600,48.9,53.7,1
1618972200,48.9,68.1,0
1618975800,46.9,65.9,0
1618979400,44.1,64.5,0
1618983000,42.1,66.2,0
1618986600,41,65.6,0
1618990200,39.9,66.3,0
1618993800,37.4,64.4,0
1618997400,33.1,64.2,0
1619001000,33.8,65.3,0
1619004600,34,65.2,0
1619008200,34,53.4,1
1619011800,33.8,55.8,1
1619015400,33.1,54.8,1
1619019000,32,54.5,1
1619022600,32,54.9,1
1619026200,32,53.8,1
1619029800,33.1,53.8,1
1619033400,32,55.9,1
1619037000,32,52.8,1
1619040600,32,55,1
1619044200,33.8,54.6,1
1619047800,33.1,56.6,1
1619051400,34,54.9,1
1619055000,33.1,53.9,1
1619058600,33.1,63.9,0
1619062200,33.1,65.6,0
1619065800,33.1,62.4,0
1619069400,33.1,66.7,0
1619073000,33.1,63.2,0
1619076600,32,63.1,0
1619080200,32,63.7,0
1619083800,32,64.2,0
1619087400,32,64.5,0
1619091000,32,64.8,0
1619094600,32,53.4,1
1619098200,33.1,52.5,1
1619101800,34,56.2,1
1619105400,37,54.7,1
1619109000,37,54.8,1
1619112600,37,52.7,1
1619116200,39,54.6,1
1619119800,39,55.3,1
1619123400,39.9,54.7,1
1619127000,41,54.7,1
1619130600,41,54.1,1
1619134200,41,54.8,1
1619137800,39.9,55.4,1
1619141400,39,54.5,1
1619145000,37.9,66,0
1619148600,37,65.3,0
1619152200,37,67.1,0
1619155800,37.9,66.7,0
1619159400,37,64.8,0
1619163000,37,64.1,0
1619166600,37,62.5,0
1619170200,36,62.9,0
1619173800,37,65.5,0
1619177400,36,63.1,0
1619181000,37.9,55.7,1
1619184600,41,56.4,1
1619188200,46,55.3,1
1619191800,51.1,54.1,1
1619195400,54,55.4,1
1619199000,59,59.1,1
1619202600,62.1,61.2,1
1619206200,64,64.9,1
1619209800,66,64.5,1
1619213400,66.9,68.2,1
1619217000,66.9,66.8,1
1619220600,66,65.1,1
1619224200,63,63.2,1
1619227800,61,60,1
1619231400,59,70.7,0
1619235000,57,70.3,0
1619238600,55.9,69.6,0
1619242200,57,69,0
1619245800,55.9,70.2,0
1619249400,57,68.2,0
1619253000,57,69.7,0
1619256600,59,69,0
1619260200,63,69.5,0
1619263800,55.9,67.8,0
1619267400,51.1,55.1,1
1619271000,50,54.5,1
1619274600,48.9,54.5,1
1619278200,46.9,54.5,1
1619281800,45,54.9,1
1619285400,48.9,54.7,1
1619289000,46.9,55.5,1
1619292600,44.1,55.2,1
1619296200,43,54.7,1
1619299800,44.1,55.5,1
1619303400,44.1,54.9,1
1619307000,44.1,57,1
1619310600,43,53.9,1
1619314200,42.1,55.8,1
1619317800,41,65.7,0
1619321400,39.9,65.6,0
1619325000,39,65.7,0
1619328600,37.9,65.6,0
1619332200,37,62.9,0
1619335800,37,65.5,0
1619339400,37.9,64.9,0
1619343000,37,64,0
1619346600,34,64.2,0
1619350200,32,63.3,0
1619353800,32,55.3,1
1619357400,33.1,55.3,1
1619361000,35.1,55.5,1
1619364600,37,56.1,1
1619368200,39,54.2,1
1619371800,39,57.1,1
1619375400,42.1,53.7,1
1619379000,42.1,54.5,1
1619382600,43,55.9,1
1619386200,44.1,53.2,1
1619389800,42.1,56.8,1
1619393400,39,54.9,1
1619397000,37.9,54.5,1
1619400600,37,55.5,1
1619404200,36,64.2,0
1619407800,35.1,64.2,0
1619411400,34,63.7,0
1619415000,33.1,64.9,0
1619418600,33.1,64.6,0
1619422200,33.1,66.8,0
1619425800,32,63.9,0
1619429400,32,65,0
1619433000,30.9,63,0
